url,path,title,body
http://drupalconnect.com/blog/e-commerce-problems-solutions-and-considerations,blog/ecommerce-overview,Ecommerce Overview,.region-content-inner
http://drupalconnect.com/blog/mobile-design-trends-5-top-tips-kathy-chavez-senior-themer,blog/mobile-tips,Mobile Design Tips,.region-content-inner
http://drupalconnect.com/blog/drupal-migration-migrate-module-best-practices,blog/migration-best-practices,Drupal Migration Best-Practices,.region-content-inner
http://drupalconnect.com/blog/interview-roger-soper-senior-developer-drupal-support,blog/interview-soper,Roger Soper Interview,.region-content-inner
http://drupalconnect.com/blog/interview-john-florez-ceo-drupal-connect,blog/interview-florez,John Florez Interview,.region-content-inner
http://drupalconnect.com/blog/interview-chris-boag-vp-professional-services,blog/interview-boag,Chris Boag Interview,.region-content-inner
http://drupalconnect.com/blog/responsive-web-design,blog/responsive-design,Responsive Design Overview,.region-content-inner
http://drupalconnect.com/blog/how-learn-drupal,blog/learning-drupal-tips,Learning Drupal Tips,.region-content-inner
http://drupalconnect.com/blog/replacing-drupal-static-navigation-apache-solr-facets,blog/solr-navigation,Using Apache for Navigation,.region-content-inner
http://drupalconnect.com/blog/creating-drupal-context-plugins,blog/context-plugins,Creating Context Plugins,.region-content-inner
http://drupalconnect.com/blog/stress-testing-your-servers-maxclients-directive,blog/stress-testing-apache,Stress Testing Apache,.region-content-inner
http://drupalconnect.com/blog/drupal-check-ubercart-check,blog/ubercart-tips,Ubercart Tips,.region-content-inner
