"url","path","title","body","field_position"
"http://drupalconnect.com/team/john-florez","bio/john-florez","John Florez",".field-name-field-user-bio",".field-name-field-user-position .field-item"
"http://drupalconnect.com/team/jonathon-whitener","bio/jonathon-whitener","Jonathon Whitener",".field-name-field-user-bio",".field-name-field-user-position .field-item"
"http://drupalconnect.com/team/tim-loudon","bio/tim-loudon","Tim Loudon",".field-name-field-user-bio",".field-name-field-user-position .field-item"
"http://drupalconnect.com/team/mike-crittenden","bio/mike-crittenden","Mike Crittenden",".field-name-field-user-bio",".field-name-field-user-position .field-item"
"http://drupalconnect.com/team/christopher-jones","bio/christopher-jones","Christopher Jones",".field-name-field-user-bio",".field-name-field-user-position .field-item"
"http://drupalconnect.com/team/chris-akeley","bio/chris-akeley","Chris Akeley",".field-name-field-user-bio",".field-name-field-user-position .field-item"
"http://drupalconnect.com/team/kim-murphy","bio/kim-murphy","Kim Murphy",".field-name-field-user-bio",".field-name-field-user-position .field-item"
"http://drupalconnect.com/team/bill-minor","bio/bill-minor","Bill Minor",".field-name-field-user-bio",".field-name-field-user-position .field-item"
"http://drupalconnect.com/team/chris-boag","bio/chris-boag","Chris Boag",".field-name-field-user-bio",".field-name-field-user-position .field-item"
"http://drupalconnect.com/team/steve-edwards","bio/steve-edwards","Steve Edwards",".field-name-field-user-bio",".field-name-field-user-position .field-item"
"http://drupalconnect.com/team/roger-soper","bio/roger-soper","Roger Soper",".field-name-field-user-bio",".field-name-field-user-position .field-item"
"http://drupalconnect.com/team/chad-hester","bio/chad-hester","Chad Hester",".field-name-field-user-bio",".field-name-field-user-position .field-item"
"http://drupalconnect.com/team/heshan-wanigasooriya","bio/heshan-wanigasooriya","Heshan Wanigasooriya",".field-name-field-user-bio",".field-name-field-user-position .field-item"
"http://drupalconnect.com/team/edward-zwart","bio/ed-zwart","Ed Zwart",".field-name-field-user-bio",".field-name-field-user-position .field-item"
"http://drupalconnect.com/team/kathy-chavez","bio/kathy-chavez","Kathy Chavez",".field-name-field-user-bio",".field-name-field-user-position .field-item"
"http://drupalconnect.com/team/felipe-fidelix","bio/felipe-fidelix","Felipe Fidelix",".field-name-field-user-bio",".field-name-field-user-position .field-item"
"http://drupalconnect.com/team/jonas-flint","bio/jonas-flint","Jonas Flint",".field-name-field-user-bio",".field-name-field-user-position .field-item"
"http://drupalconnect.com/team/hally-turner","bio/hally-turner","Hally Turner",".field-name-field-user-bio",".field-name-field-user-position .field-item"
"http://drupalconnect.com/team/katelyn-cushman","bio/kate-cushman","Kate Cushman",".field-name-field-user-bio",".field-name-field-user-position .field-item"
"http://drupalconnect.com/team/lisa-lorhum","bio/lisa-lorhum","Lisa Lorhum",".field-name-field-user-bio",".field-name-field-user-position .field-item"
"http://drupalconnect.com/team/jessica-marland","bio/jessica-marland","Jessica Marland",".field-name-field-user-bio",".field-name-field-user-position .field-item"
"http://drupalconnect.com/team/anne-easterling","bio/anne-easterling","Anne Easterling",".field-name-field-user-bio",".field-name-field-user-position .field-item"
"http://drupalconnect.com/team/heinze-wegener","bio/heinze-wegener","Heinze Wegener",".field-name-field-user-bio",".field-name-field-user-position .field-item"
"http://drupalconnect.com/team/yao-gbanaglo","bio/yao-gbanaglo","Yao Gbanaglo",".field-name-field-user-bio",".field-name-field-user-position .field-item"
"http://drupalconnect.com/team/joseph-cheek","bio/joe-cheek","Joe Cheek",".field-name-field-user-bio",".field-name-field-user-position .field-item"
"http://drupalconnect.com/team/steven-jackson","bio/steve-jackson","Steve Jackson",".field-name-field-user-bio",".field-name-field-user-position .field-item"
"http://drupalconnect.com/team/nina-samberg","bio/nina-samberg","Nina Samberg",".field-name-field-user-bio",".field-name-field-user-position .field-item"
"http://drupalconnect.com/team/christopher-spiker","bio/chris-spiker","Chris Spiker",".field-name-field-user-bio",".field-name-field-user-position .field-item"
"http://drupalconnect.com/team/christina-young","bio/christina-young","Christina Young",".field-name-field-user-bio",".field-name-field-user-position .field-item"
"http://drupalconnect.com/team/trent-wyman","bio/trent-wyman","Trent Wyman",".field-name-field-user-bio",".field-name-field-user-position .field-item"
"http://drupalconnect.com/team/karen-sironen","bio/karen-sironen","Karen Sironen",".field-name-field-user-bio",".field-name-field-user-position .field-item"
